<?xml version="1.0" encoding="utf-8"?>
<BindingInfo xmlns:xsi="http://www.w3.org/2001/XMLSchema-instance" xmlns:xsd="http://www.w3.org/2001/XMLSchema" Assembly="Microsoft.BizTalk.Deployment, Version=3.0.1.0, Culture=neutral, PublicKeyToken=31bf3856ad364e35" Version="3.5.1.0" BindingStatus="NoBindings" BoundEndpoints="0" TotalEndpoints="0">
  <Timestamp>2020-05-18T05:05:22.1560806+01:00</Timestamp>
  <ModuleRefCollection>
    <ModuleRef Name="[Application:POC_VSTS_Deployment]" Version="" Culture="" PublicKeyToken="" FullName="[Application:POC_VSTS_Deployment], Version=, Culture=, PublicKeyToken=">
      <Services />
      <TrackedSchemas>
        <Schema FullName="BizTalk_Server_Project1.Target" RootName="Root" AssemblyQualifiedName="BizTalk_Server_Project1.Target,BizTalk Server Project1, Version=1.0.0.0, Culture=neutral, PublicKeyToken=27c3a5e60b52cbb4" AlwaysTrackAllProperties="false">
          <TrackedPropertyNames />
        </Schema>
        <Schema FullName="BizTalk_Server_Project1.Source" RootName="Root" AssemblyQualifiedName="BizTalk_Server_Project1.Source,BizTalk Server Project1, Version=1.0.0.0, Culture=neutral, PublicKeyToken=27c3a5e60b52cbb4" AlwaysTrackAllProperties="false">
          <TrackedPropertyNames />
        </Schema>
      </TrackedSchemas>
    </ModuleRef>
    <ModuleRef Name="BizTalk Server Project1" Version="1.0.0.0" Culture="neutral" PublicKeyToken="27c3a5e60b52cbb4" FullName="BizTalk Server Project1, Version=1.0.0.0, Culture=neutral, PublicKeyToken=27c3a5e60b52cbb4">
      <Services />
      <TrackedSchemas />
    </ModuleRef>
  </ModuleRefCollection>
  <SendPortCollection>
    <SendPort Name="POC_VSTS_Deployment.SendPort1" IsStatic="true" IsTwoWay="false" BindingOption="0" AnalyticsEnabled="false">
      <Description xsi:nil="true" />
      <TransmitPipeline Name="Microsoft.BizTalk.DefaultPipelines.XMLTransmit" FullyQualifiedName="Microsoft.BizTalk.DefaultPipelines.XMLTransmit, Microsoft.BizTalk.DefaultPipelines, Version=3.0.1.0, Culture=neutral, PublicKeyToken=31bf3856ad364e35" Type="2" TrackingOption="ServiceStartEnd MessageSendReceive PipelineEvents" />
      <PrimaryTransport>
        <Address>D:\Testing\POC_VSTS_Deployment\Output\%MessageID%.xml</Address>
        <TransportType Name="FILE" Capabilities="11" ConfigurationClsid="5e49e3a6-b4fc-4077-b44c-22f34a242fdb" />
        <TransportTypeData>&lt;CustomProps&gt;&lt;UseTempFileOnWrite vt="11"&gt;0&lt;/UseTempFileOnWrite&gt;&lt;AllowCacheOnWrite vt="11"&gt;0&lt;/AllowCacheOnWrite&gt;&lt;CopyMode vt="19"&gt;1&lt;/CopyMode&gt;&lt;FileName vt="8"&gt;%MessageID%.xml&lt;/FileName&gt;&lt;/CustomProps&gt;</TransportTypeData>
        <RetryCount>3</RetryCount>
        <RetryInterval>5</RetryInterval>
        <ServiceWindowEnabled>false</ServiceWindowEnabled>
        <FromTime>2020-05-17T23:00:00</FromTime>
        <ToTime>2020-05-18T22:59:59</ToTime>
        <Primary>true</Primary>
        <OrderedDelivery>false</OrderedDelivery>
        <DeliveryNotification>1</DeliveryNotification>
        <SendHandler Name="BizTalkServerApplication" HostTrusted="false">
          <TransportType Name="FILE" Capabilities="11" ConfigurationClsid="5e49e3a6-b4fc-4077-b44c-22f34a242fdb" />
        </SendHandler>
      </PrimaryTransport>
      <SecondaryTransport>
        <Address />
        <RetryCount>3</RetryCount>
        <RetryInterval>5</RetryInterval>
        <ServiceWindowEnabled>false</ServiceWindowEnabled>
        <FromTime>2020-05-17T23:00:00</FromTime>
        <ToTime>2020-05-18T22:59:59</ToTime>
        <Primary>false</Primary>
        <OrderedDelivery>false</OrderedDelivery>
        <DeliveryNotification>1</DeliveryNotification>
        <SendHandler xsi:nil="true" />
      </SecondaryTransport>
      <ReceivePipelineData xsi:nil="true" />
      <Tracking>0</Tracking>
      <Filter>
        &lt;?xml version="1.0" encoding="utf-16"?&gt;
        &lt;Filter xmlns:xsi="http://www.w3.org/2001/XMLSchema-instance" xmlns:xsd="http://www.w3.org/2001/XMLSchema"&gt;
        &lt;Group&gt;
        &lt;Statement Property="BTS.ReceivePortName" Operator="0" Value="POC_VSTS_Deployment.ReceivePort1" /&gt;
        &lt;/Group&gt;
        &lt;/Filter&gt;
      </Filter>
      <Transforms>
        <Transform FullName="POC_VSTS_Deployment.Map" AssemblyQualifiedName="POC_VSTS_Deployment.Map,POC_VSTS_Deployment, Version=1.0.0.0, Culture=neutral, PublicKeyToken=55d278f35259d203" />
      </Transforms>
      <OrderedDelivery>false</OrderedDelivery>
      <Priority>5</Priority>
      <StopSendingOnFailure>false</StopSendingOnFailure>
      <RouteFailedMessage>false</RouteFailedMessage>
      <ApplicationName>POC_VSTS_Deployment</ApplicationName>
    </SendPort>
  </SendPortCollection>
  <DistributionListCollection />
  <ReceivePortCollection>
    <ReceivePort Name="POC_VSTS_Deployment.ReceivePort1" IsTwoWay="false" BindingOption="0" AnalyticsEnabled="false">
      <Description xsi:nil="true" />
      <ReceiveLocations>
        <ReceiveLocation Name="POC_VSTS_Deployment.Receive Location1">
          <Description xsi:nil="true" />
          <Address>D:\Testing\POC_VSTS_Deployment\Input\*.xml</Address>
          <PublicAddress />
          <Primary>true</Primary>
          <ReceiveLocationServiceWindowEnabled>false</ReceiveLocationServiceWindowEnabled>
          <ReceiveLocationFromTime>2020-05-18T00:00:00</ReceiveLocationFromTime>
          <ReceiveLocationToTime>2020-05-18T23:59:59</ReceiveLocationToTime>
          <ReceiveLocationStartDateEnabled>false</ReceiveLocationStartDateEnabled>
          <ReceiveLocationStartDate>2020-05-18T00:00:00</ReceiveLocationStartDate>
          <ReceiveLocationEndDateEnabled>false</ReceiveLocationEndDateEnabled>
          <ReceiveLocationEndDate>2020-05-19T00:00:00</ReceiveLocationEndDate>
          <ReceiveLocationTransportType Name="FILE" Capabilities="11" ConfigurationClsid="5e49e3a6-b4fc-4077-b44c-22f34a242fdb" />
          <ReceiveLocationTransportTypeData>&lt;CustomProps&gt;&lt;RenameReceivedFiles vt="11"&gt;0&lt;/RenameReceivedFiles&gt;&lt;RemoveReceivedFileDelay vt="19"&gt;10&lt;/RemoveReceivedFileDelay&gt;&lt;RemoveReceivedFileMaxInterval vt="19"&gt;300000&lt;/RemoveReceivedFileMaxInterval&gt;&lt;FileMask vt="8"&gt;*.xml&lt;/FileMask&gt;&lt;FileNetFailRetryInt vt="19"&gt;5&lt;/FileNetFailRetryInt&gt;&lt;RemoveReceivedFileRetryCount vt="19"&gt;5&lt;/RemoveReceivedFileRetryCount&gt;&lt;BatchSizeInBytes vt="19"&gt;102400&lt;/BatchSizeInBytes&gt;&lt;PollingInterval vt="19"&gt;60000&lt;/PollingInterval&gt;&lt;FileNetFailRetryCount vt="19"&gt;5&lt;/FileNetFailRetryCount&gt;&lt;BatchSize vt="19"&gt;20&lt;/BatchSize&gt;&lt;/CustomProps&gt;</ReceiveLocationTransportTypeData>
          <ReceivePipeline Name="Microsoft.BizTalk.DefaultPipelines.XMLReceive" FullyQualifiedName="Microsoft.BizTalk.DefaultPipelines.XMLReceive, Microsoft.BizTalk.DefaultPipelines, Version=3.0.1.0, Culture=neutral, PublicKeyToken=31bf3856ad364e35" Type="1" TrackingOption="ServiceStartEnd MessageSendReceive PipelineEvents" />
          <ReceivePipelineData xsi:nil="true" />
          <SendPipeline xsi:nil="true" />
          <SendPipelineData xsi:nil="true" />
          <Enable>true</Enable>
          <ReceiveHandler Name="BizTalkServerApplication" HostTrusted="false">
            <TransportType Name="FILE" Capabilities="11" ConfigurationClsid="5e49e3a6-b4fc-4077-b44c-22f34a242fdb" />
          </ReceiveHandler>
          <ScheduleRecurrenceType>None</ScheduleRecurrenceType>
          <ScheduleRecurenceFrom>2020-05-18T00:00:00</ScheduleRecurenceFrom>
          <ScheduleRecurrenceInterval>1</ScheduleRecurrenceInterval>
          <ScheduleDaysOfWeek>None</ScheduleDaysOfWeek>
          <ScheduleMonths>None</ScheduleMonths>
          <ScheduleMonthDays>None</ScheduleMonthDays>
          <ScheduleOrdinalDayOfWeek>None</ScheduleOrdinalDayOfWeek>
          <ScheduleOrdinalType>None</ScheduleOrdinalType>
          <ScheduleIsOrdinal>false</ScheduleIsOrdinal>
          <ScheduleLastDayOfMonth>false</ScheduleLastDayOfMonth>
          <ScheduleAutoAdjustToDaylightSaving>true</ScheduleAutoAdjustToDaylightSaving>
          <ScheduleTimeZone>UTC</ScheduleTimeZone>
        </ReceiveLocation>
      </ReceiveLocations>
      <SendPipelineData xsi:nil="true" />
      <Authentication>0</Authentication>
      <Tracking>0</Tracking>
      <Transforms />
      <RouteFailedMessage>false</RouteFailedMessage>
      <ApplicationName>POC_VSTS_Deployment</ApplicationName>
    </ReceivePort>
  </ReceivePortCollection>
  <PartyCollection xsi:nil="true" />
</BindingInfo>